{
    "Alabama": 3.24944230769231,
    "Alaska": 3.76136538461538,
    "Arizona": 3.76136538461538,
    "Arkansas": 3.24944230769231,
    "California": 3.86965384615385,
    "Colorado": 3.41123076923077,
    "Connecticut": 3.58855769230769,
    "Delaware": 3.54228846153846,
    "District of Columbia": 3.54228846153846,
    "Florida": 3.42671153846154,
    "Georgia": 3.40107692307692,
    "Hawaii": 3.76136538461538,
    "Idaho": 3.40984615384615,
    "Illinois": 3.41128846153846,
    "Indiana": 3.41128846153846,
    "Iowa": 3.41128846153846,
    "Kansas": 3.41128846153846,
    "Kentucky": 3.41128846153846,
    "Lousiana": 3.24944230769231,
    "Maine": 3.58855769230769,
    "Maryland": 3.54228846153846,
    "Massachusetts": 3.51559615384615,
    "Michigan": 3.41128846153846,
    "Minnesota": 3.33671153846154,
    "Mississippi": 3.24944230769231,
    "Missouri": 3.41128846153846,
    "Montana": 3.40984615384615,
    "Nebraska": 3.41128846153846,
    "Nevada": 3.76136538461538,
    "New Hampshire": 3.58855769230769,
    "New Jersey": 3.54228846153846,
    "New Mexico": 3.24944230769231,
    "New York": 3.70376923076923,
    "North Carolina": 3.40107692307692,
    "North Dakota": 3.41128846153846,
    "Ohio": 3.45525,
    "Oklahoma": 3.41128846153846,
    "Oregon": 3.76136538461538,
    "Pennsylvania": 3.54228846153846,
    "Rhode Island": 3.58855769230769,
    "South Carolina": 3.40107692307692,
    "South Dakota": 3.41128846153846,
    "Tennessee": 3.41128846153846,
    "Texas": 3.26055769230769,
    "Utah": 3.40984615384615,
    "Vermont": 3.58855769230769,
    "Virginia": 3.40107692307692,
    "Washington": 3.62967307692308,
    "West Virginia": 3.40107692307692,
    "Wisconsin": 3.41128846153846,
    "Wyoming": 3.4098461538461
}